City_ID,City,Lat,Lng,Max Temp,Humidity,Cloudiness,Wind Speed,Country,Date
0,Wallasey,53.4232,-3.065,54.34,86,90,1.01,GB,2021-12-12 04:38:42
1,Naze,28.3667,129.4833,68.92,62,73,8.81,JP,2021-12-12 04:38:43
2,Nikolskoye,59.7035,30.7861,25.39,92,100,7.02,RU,2021-12-12 04:38:43
3,Zemio,5.0314,25.1361,74.34,45,95,3.74,CF,2021-12-12 04:38:43
4,Norman Wells,65.282,-126.8329,-3.96,71,75,12.66,CA,2021-12-12 04:38:44
5,Shimoda,34.6667,138.95,64.76,60,2,18.66,JP,2021-12-12 04:38:44
6,Ushuaia,-54.8,-68.3,49.66,76,75,5.75,AR,2021-12-12 04:37:24
7,Carnarvon,-24.8667,113.6333,80.67,36,0,26.46,AU,2021-12-12 04:38:45
8,New Norfolk,-42.7826,147.0587,69.66,29,2,6.78,AU,2021-12-12 04:38:45
9,Saint George,37.1041,-113.5841,38.32,61,1,1.99,US,2021-12-12 04:33:49
10,Port Elizabeth,-33.918,25.5701,66.49,82,90,3.44,ZA,2021-12-12 04:34:07
11,Lake Havasu City,34.4839,-114.3224,50.0,26,1,3.0,US,2021-12-12 04:38:46
12,Harper,4.375,-7.7169,78.22,85,56,3.83,LR,2021-12-12 04:38:46
13,Albany,42.6001,-73.9662,45.95,63,100,13.0,US,2021-12-12 04:36:30
14,Butaritari,3.0707,172.7902,82.69,73,100,17.13,KI,2021-12-12 04:38:46
15,Port Alfred,-33.5906,26.891,68.86,88,100,4.65,ZA,2021-12-12 04:38:47
16,Beringovskiy,63.05,179.3167,-23.01,98,35,7.18,RU,2021-12-12 04:38:47
17,San Patricio,28.017,-97.5169,55.83,38,76,8.86,US,2021-12-12 04:38:47
18,Fuerte Olimpo,-21.0415,-57.8738,72.32,94,86,5.53,PY,2021-12-12 04:38:48
19,Bluff,-46.6,168.3333,57.79,64,2,17.85,NZ,2021-12-12 04:38:48
20,Pevek,69.7008,170.3133,-35.68,97,42,5.53,RU,2021-12-12 04:38:48
21,Adrar,20.5022,-10.0711,62.17,21,73,10.45,MR,2021-12-12 04:38:49
22,Maraa,-1.8333,-65.3667,73.35,99,100,2.75,BR,2021-12-12 04:38:49
23,Kapaa,22.0752,-159.319,78.78,76,75,3.0,US,2021-12-12 04:38:49
24,Mana,5.6592,-53.7767,76.53,92,100,9.26,GF,2021-12-12 04:38:50
25,Uchiza,-8.4592,-76.4633,71.49,98,67,1.45,PE,2021-12-12 04:38:51
26,Ust-Tsilma,65.441,52.1498,13.68,84,70,7.61,RU,2021-12-12 04:38:51
27,Batsfjord,70.6345,29.7185,26.69,82,100,11.07,NO,2021-12-12 04:38:51
28,Cape Town,-33.9258,18.4232,63.09,86,20,8.05,ZA,2021-12-12 04:37:20
29,Rikitea,-23.1203,-134.9692,75.83,79,67,11.77,PF,2021-12-12 04:38:52
30,Punta Arenas,-53.15,-70.9167,50.11,81,0,5.75,CL,2021-12-12 04:38:52
31,Bredasdorp,-34.5322,20.0403,64.38,71,97,3.67,ZA,2021-12-12 04:38:53
32,El Angel,0.6167,-77.9333,45.23,98,100,3.22,EC,2021-12-12 04:38:53
33,Cherskiy,68.75,161.3,-45.45,98,40,3.18,RU,2021-12-12 04:38:53
34,Hermanus,-34.4187,19.2345,61.9,72,100,0.89,ZA,2021-12-12 04:38:53
35,Avarua,-21.2078,-159.775,78.85,78,100,14.97,CK,2021-12-12 04:38:54
36,Caravelas,-17.7125,-39.2481,72.63,96,24,4.21,BR,2021-12-12 04:38:54
37,Busselton,-33.65,115.3333,70.61,34,11,10.96,AU,2021-12-12 04:38:55
38,Cabo San Lucas,22.8909,-109.9124,73.51,70,1,4.41,MX,2021-12-12 04:38:56
39,Nome,64.5011,-165.4064,-7.53,71,1,3.44,US,2021-12-12 04:38:57
40,Champerico,14.3,-91.9167,82.35,83,0,8.95,GT,2021-12-12 04:38:57
41,Vao,-22.6667,167.4833,78.94,88,99,19.13,NC,2021-12-12 04:38:58
42,Hilo,19.7297,-155.09,74.93,40,40,4.61,US,2021-12-12 04:38:58
43,Arraial Do Cabo,-22.9661,-42.0278,74.05,94,97,18.07,BR,2021-12-12 04:38:59
44,Bathsheba,13.2167,-59.5167,79.41,83,40,17.27,BB,2021-12-12 04:38:59
45,Klaksvik,62.2266,-6.589,45.52,80,84,27.6,FO,2021-12-12 04:38:59
46,Lorengau,-2.0226,147.2712,86.02,75,100,13.58,PG,2021-12-12 04:40:00
47,Mataura,-46.1927,168.8643,57.47,38,0,3.94,NZ,2021-12-12 04:40:00
48,Valparaiso,-33.0393,-71.6273,60.44,88,75,4.61,CL,2021-12-12 04:40:00
49,Pasvalys,56.0594,24.4036,29.52,97,99,4.81,LT,2021-12-12 04:40:01
50,Severo-Kurilsk,50.6789,156.125,32.79,96,100,23.8,RU,2021-12-12 04:40:01
51,Garden City,42.3256,-83.331,36.01,74,1,14.97,US,2021-12-12 04:40:01
52,Iqaluit,63.7506,-68.5145,-5.31,70,40,4.0,CA,2021-12-12 04:40:02
53,Pontes E Lacerda,-15.2261,-59.3353,73.36,97,96,2.82,BR,2021-12-12 04:40:02
54,Marzuq,14.4,46.4667,59.41,41,0,4.03,YE,2021-12-12 04:40:03
55,Hami,42.8,93.45,29.32,27,0,3.04,CN,2021-12-12 04:39:09
56,Cockburn Town,21.4612,-71.1419,80.38,66,0,20.38,TC,2021-12-12 04:40:03
57,Qaanaaq,77.484,-69.3632,-1.57,64,0,6.69,GL,2021-12-12 04:40:04
58,Ponta Do Sol,32.6667,-17.1,65.01,78,58,3.44,PT,2021-12-12 04:40:04
59,Quatre Cocos,-20.2078,57.7625,82.09,62,24,15.1,MU,2021-12-12 04:40:04
60,Kulhudhuffushi,6.6221,73.07,82.33,72,71,8.48,MV,2021-12-12 04:40:05
61,Atar,20.5169,-13.0499,66.4,18,51,10.09,MR,2021-12-12 04:40:05
62,Saldanha,-33.0117,17.9442,57.25,81,100,2.08,ZA,2021-12-12 04:40:06
63,Topeka,39.0483,-95.678,37.58,52,1,5.75,US,2021-12-12 04:36:20
64,Turukhansk,65.8167,87.9833,-16.78,91,66,6.73,RU,2021-12-12 04:40:06
65,Sitka,57.0531,-135.33,33.69,60,90,9.22,US,2021-12-12 04:35:31
66,Nirasaki,35.7,138.45,58.48,57,12,1.01,JP,2021-12-12 04:40:06
67,Puerto Ayora,-0.7393,-90.3518,68.56,95,100,1.01,EC,2021-12-12 04:40:07
68,Atasu,48.6814,71.6433,22.77,95,95,1.32,KZ,2021-12-12 04:40:07
69,Mahebourg,-20.4081,57.7,82.26,69,75,13.8,MU,2021-12-12 04:40:08
70,Vaini,-21.2,-175.2,84.36,84,20,6.91,TO,2021-12-12 04:40:08
71,Mao,39.8885,4.2658,52.36,66,20,23.02,ES,2021-12-12 04:40:08
72,Port Blair,11.6667,92.75,83.5,66,9,16.02,IN,2021-12-12 04:40:09
73,Atuona,-9.8,-139.0333,79.0,76,90,17.43,PF,2021-12-12 04:40:09
74,Talnakh,69.4865,88.3972,-23.08,83,99,1.14,RU,2021-12-12 04:40:09
75,Resistencia,-27.4606,-58.9839,75.09,80,0,9.22,AR,2021-12-12 04:40:10
76,Thinadhoo,0.5333,72.9333,80.38,78,51,8.5,MV,2021-12-12 04:40:10
77,Vestmannaeyjar,63.4427,-20.2734,43.68,86,100,31.05,IS,2021-12-12 04:40:10
78,Fasa,28.9383,53.6482,34.84,38,0,6.91,IR,2021-12-12 04:40:11
79,Zvishavane,-20.3267,30.0665,77.18,38,28,4.99,ZW,2021-12-12 04:40:11
80,Winslow,35.0242,-110.6974,21.38,58,1,0.0,US,2021-12-12 04:40:12
81,Yumen,40.2833,97.2,26.65,37,0,7.05,CN,2021-12-12 04:40:12
82,Namibe,-15.1961,12.1522,69.98,75,51,1.23,AO,2021-12-12 04:40:12
83,Aykhal,66.0,111.5,-37.03,100,47,1.68,RU,2021-12-12 04:40:13
84,Kurilsk,45.2333,147.8833,38.71,73,89,12.62,RU,2021-12-12 04:40:13
85,Saint Anthony,45.0205,-93.218,24.73,75,1,1.99,US,2021-12-12 04:40:13
86,Wanning,18.8003,110.3967,77.41,60,1,16.24,CN,2021-12-12 04:40:14
87,Vardo,70.3705,31.1107,28.42,88,100,17.34,NO,2021-12-12 04:40:14
88,Richards Bay,-28.783,32.0377,78.67,80,85,5.53,ZA,2021-12-12 04:40:14
89,San Rafael,-34.6177,-68.3301,59.81,79,20,14.16,AR,2021-12-12 04:40:15
90,Mount Gambier,-37.8333,140.7667,87.71,16,0,11.5,AU,2021-12-12 04:40:15
91,Mar Del Plata,-38.0023,-57.5575,66.87,90,74,15.99,AR,2021-12-12 04:40:15
92,De-Kastri,51.4667,140.7833,21.65,86,100,5.59,RU,2021-12-12 04:40:16
93,Saskylakh,71.9167,114.0833,-45.71,100,70,1.95,RU,2021-12-12 04:41:16
94,Yellowknife,62.456,-114.3525,9.41,94,90,8.05,CA,2021-12-12 04:37:46
95,Shingu,33.7333,135.9833,65.39,61,77,7.49,JP,2021-12-12 04:41:17
96,Ladario,-19.0047,-57.6017,75.18,84,100,2.95,BR,2021-12-12 04:41:17
97,Dingle,10.9995,122.6711,84.02,77,99,12.71,PH,2021-12-12 04:41:17
98,Coihaique,-45.5752,-72.0662,45.21,81,0,5.75,CL,2021-12-12 04:41:18
99,Constitucion,-35.3333,-72.4167,50.23,89,0,5.73,CL,2021-12-12 04:41:18
100,Sisimiut,66.9395,-53.6735,19.42,89,100,5.77,GL,2021-12-12 04:41:18
101,Kemijarvi,66.7131,27.4306,24.44,96,100,6.06,FI,2021-12-12 04:41:19
102,Hofn,64.2539,-15.2082,42.26,88,100,28.72,IS,2021-12-12 04:41:19
103,Los Alamos,35.8881,-106.307,28.65,38,1,1.01,US,2021-12-12 04:41:19
104,Freeport,40.6576,-73.5832,59.36,81,90,8.99,US,2021-12-12 04:38:35
105,Huanan,46.2167,130.5167,12.67,85,98,21.3,CN,2021-12-12 04:41:20
106,Tsiroanomandidy,-18.7667,46.0333,77.16,49,69,5.01,MG,2021-12-12 04:41:20
107,Rocha,-34.4833,-54.3333,57.24,95,1,6.08,UY,2021-12-12 04:36:27
108,Chuy,-33.6971,-53.4616,60.17,89,0,5.53,UY,2021-12-12 04:41:21
109,Kokopo,-4.352,152.2633,83.86,78,69,9.33,PG,2021-12-12 04:41:21
110,Barrow,71.2906,-156.7887,-5.78,77,1,11.5,US,2021-12-12 04:41:21
111,Pangkalanbuun,-2.6833,111.6167,84.13,79,92,4.92,ID,2021-12-12 04:41:22
112,Jamestown,42.097,-79.2353,36.99,71,90,8.01,US,2021-12-12 04:41:22
113,Sangin,32.0728,64.8359,53.35,20,2,2.35,AF,2021-12-12 04:41:22
114,Saint-Philippe,-21.3585,55.7679,81.99,75,87,14.14,RE,2021-12-12 04:41:23
115,Hithadhoo,-0.6,73.0833,80.69,77,92,8.88,MV,2021-12-12 04:41:23
116,Susanville,40.4163,-120.653,37.24,52,1,5.75,US,2021-12-12 04:41:23
117,Brigantine,39.4101,-74.3646,57.49,89,90,12.66,US,2021-12-12 04:41:24
118,Orotukan,62.2667,151.7,-19.61,98,100,2.71,RU,2021-12-12 04:41:24
119,Mehamn,71.0357,27.8492,27.19,81,100,8.16,NO,2021-12-12 04:41:24
120,Guerrero Negro,27.9769,-114.0611,62.04,64,0,11.41,MX,2021-12-12 04:41:25
121,Yatsuo,36.5667,137.1333,57.7,56,98,5.99,JP,2021-12-12 04:41:25
122,Torrington,41.8007,-73.1212,59.43,75,100,17.49,US,2021-12-12 04:41:26
123,Suslovo,56.2167,88.1167,13.89,91,100,10.58,RU,2021-12-12 04:41:26
124,Maceio,-9.6658,-35.7353,76.44,94,40,3.44,BR,2021-12-12 04:41:26
125,Paamiut,61.994,-49.6678,23.25,84,100,22.08,GL,2021-12-12 04:41:27
126,Dhidhdhoo,6.8833,73.1,82.53,71,67,8.57,MV,2021-12-12 04:41:27
127,Taoudenni,22.6783,-3.9836,61.39,22,8,10.04,ML,2021-12-12 04:41:27
128,Kaiyuan,23.6977,103.3037,65.1,63,90,5.46,CN,2021-12-12 04:41:28
129,Sinjar,36.3209,41.8754,47.86,40,0,3.2,IQ,2021-12-12 04:41:28
130,Kaitangata,-46.2817,169.8464,55.92,57,3,9.57,NZ,2021-12-12 04:41:28
131,Kodiak,57.79,-152.4072,9.91,56,1,42.57,US,2021-12-12 04:37:11
132,Ribeira Grande,38.5167,-28.7,61.86,68,100,15.82,PT,2021-12-12 04:41:29
133,Bundaberg,-24.85,152.35,86.29,52,6,7.0,AU,2021-12-12 04:41:29
134,Bodden Town,19.2833,-81.25,77.94,86,0,9.51,KY,2021-12-12 04:41:29
135,Tigil,57.8,158.6667,25.09,77,100,11.86,RU,2021-12-12 04:41:30
136,Hambantota,6.1241,81.1185,79.14,100,40,4.61,LK,2021-12-12 04:41:30
137,Ostrovnoy,68.0531,39.5131,22.8,91,98,15.14,RU,2021-12-12 04:41:30
138,Svetlogorsk,52.6333,29.7333,39.31,97,100,6.17,BY,2021-12-12 04:41:31
139,Westport,41.1415,-73.3579,59.29,83,90,10.0,US,2021-12-12 04:41:31
140,Hay River,60.8156,-115.7999,1.38,78,75,13.8,CA,2021-12-12 04:42:31
141,Vaitape,-16.5167,-151.75,80.53,72,66,6.91,PF,2021-12-12 04:42:32
142,Ormara,25.2088,64.6357,70.99,51,14,3.98,PK,2021-12-12 04:42:32
143,Havelock,34.8791,-76.9013,68.99,91,96,8.99,US,2021-12-12 04:42:33
144,Pisco,-13.7,-76.2167,64.45,88,0,10.36,PE,2021-12-12 04:42:33
145,Hobart,-42.8794,147.3294,71.02,48,75,1.99,AU,2021-12-12 04:40:17
146,Puerto Carreno,6.189,-67.4859,77.86,74,100,6.58,CO,2021-12-12 04:42:34
147,Vila Franca Do Campo,37.7167,-25.4333,66.2,89,100,17.31,PT,2021-12-12 04:42:34
148,Los Llanos De Aridane,28.6585,-17.9182,62.35,83,90,5.01,ES,2021-12-12 04:42:35
149,Dikson,73.5069,80.5464,-13.23,84,100,6.46,RU,2021-12-12 04:42:35
150,Cidreira,-30.1811,-50.2056,67.14,83,79,6.15,BR,2021-12-12 04:42:35
151,Nanortalik,60.1432,-45.2371,25.34,79,81,24.29,GL,2021-12-12 04:42:36
152,Upernavik,72.7868,-56.1549,4.44,94,100,10.38,GL,2021-12-12 04:42:36
153,Kavieng,-2.5744,150.7967,83.86,77,100,7.36,PG,2021-12-12 04:42:36
154,High Level,58.5169,-117.136,-9.85,100,65,3.87,CA,2021-12-12 04:39:17
155,Khatanga,71.9667,102.5,-46.97,100,50,3.29,RU,2021-12-12 04:42:37
156,Byron Bay,-28.65,153.6167,80.71,64,67,10.56,AU,2021-12-12 04:38:31
157,Cochrane,51.1834,-114.4687,25.07,93,90,9.22,CA,2021-12-12 04:42:16
158,Oktyabrskiy,54.4815,53.471,11.1,93,6,3.76,RU,2021-12-12 04:42:37
159,Totness,5.8833,-56.3167,76.42,92,100,10.58,SR,2021-12-12 04:42:38
160,Provideniya,64.3833,-173.3,-8.54,78,0,7.74,RU,2021-12-12 04:42:38
161,Kericho,-0.3677,35.2831,61.57,51,62,6.73,KE,2021-12-12 04:42:39
162,Deputatskiy,69.3,139.9,-27.6,100,98,0.87,RU,2021-12-12 04:42:39
163,Tuatapere,-46.1333,167.6833,57.81,51,0,9.31,NZ,2021-12-12 04:42:39
164,Almenara,-16.1836,-40.6944,71.13,99,69,2.44,BR,2021-12-12 04:42:40
165,Tuktoyaktuk,69.4541,-133.0374,-5.8,84,90,16.11,CA,2021-12-12 04:42:40
166,Katsuura,35.1333,140.3,66.18,64,27,24.43,JP,2021-12-12 04:42:40
167,Erenhot,43.6475,111.9767,17.44,40,2,14.63,CN,2021-12-12 04:42:41
168,Victoria,22.2855,114.1577,77.04,66,0,4.0,HK,2021-12-12 04:40:03
169,Nemuro,43.3236,145.575,45.03,69,20,10.02,JP,2021-12-12 04:42:41
170,Karwar,14.8,74.1333,84.27,56,32,8.28,IN,2021-12-12 04:42:41
171,Maragogi,-9.0122,-35.2225,76.78,81,8,10.16,BR,2021-12-12 04:42:42
172,Gap,44.6667,6.0,12.83,81,79,7.67,FR,2021-12-12 04:42:42
173,Vostok,46.4856,135.8833,20.79,92,100,3.87,RU,2021-12-12 04:42:43
174,Bambous Virieux,-20.3428,57.7575,82.22,69,75,13.8,MU,2021-12-12 04:42:43
175,Codrington,-38.2667,141.9667,74.26,43,4,16.33,AU,2021-12-12 04:42:43
176,Hamilton,39.1834,-84.5333,35.1,80,1,1.01,US,2021-12-12 04:42:44
177,Kavaratti,10.5669,72.642,82.2,70,64,8.25,IN,2021-12-12 04:42:44
178,Urumqi,43.801,87.6005,2.35,85,1,4.47,CN,2021-12-12 04:42:44
179,Xinzhi,36.4989,111.7047,41.83,23,78,5.26,CN,2021-12-12 04:42:45
180,Tiksi,71.6872,128.8694,-18.9,99,98,3.42,RU,2021-12-12 04:42:45
181,Salalah,17.0151,54.0924,77.09,33,0,12.66,OM,2021-12-12 04:42:45
182,San Quintin,30.4833,-115.95,57.43,64,0,8.25,MX,2021-12-12 04:42:46
183,Henties Bay,-22.116,14.2845,57.85,91,0,7.94,NA,2021-12-12 04:43:46
184,Half Moon Bay,37.4636,-122.4286,51.71,84,1,0.0,US,2021-12-12 04:43:47
185,Ambovombe,-25.1667,46.0833,82.71,50,0,7.07,MG,2021-12-12 04:43:47
186,Edinet,48.1681,27.305,49.37,94,100,13.47,MD,2021-12-12 04:43:47
187,Mecca,21.4267,39.8261,73.8,40,66,4.32,SA,2021-12-12 04:43:48
188,Ancud,-41.8697,-73.8203,49.53,84,85,16.42,CL,2021-12-12 04:43:48
189,Alofi,-19.0595,-169.9187,82.29,69,8,6.91,NU,2021-12-12 04:43:48
190,Yakovlevka,44.425,133.4772,20.05,61,94,11.36,RU,2021-12-12 04:43:49
191,Ahipara,-35.1667,173.1667,73.35,80,80,5.06,NZ,2021-12-12 04:43:49
192,Port Augusta,-32.5,137.7667,95.7,9,2,10.42,AU,2021-12-12 04:43:49
193,Sao Joao Da Barra,-21.6403,-41.0511,74.16,91,80,13.44,BR,2021-12-12 04:43:50
194,Katangli,51.7102,143.2326,23.77,95,95,6.78,RU,2021-12-12 04:43:50
195,Comodoro Rivadavia,-45.8667,-67.5,58.86,38,0,27.63,AR,2021-12-12 04:43:13
196,Rio Gallegos,-51.6226,-69.2181,50.05,87,90,8.05,AR,2021-12-12 04:43:51
197,Egvekinot,66.3167,-179.1667,-26.57,82,18,4.92,RU,2021-12-12 04:43:51
198,Broken Hill,-31.95,141.4333,87.51,11,0,9.22,AU,2021-12-12 04:43:51
199,Chara,56.9064,118.2631,-15.02,74,54,0.38,RU,2021-12-12 04:43:52
200,Olds,51.7834,-114.102,23.9,100,99,9.22,CA,2021-12-12 04:43:52
201,Binika,21.0333,83.8,76.68,59,9,2.46,IN,2021-12-12 04:43:52
202,Komsomolskiy,40.4272,71.7189,43.52,42,28,2.3,UZ,2021-12-12 04:43:53
203,Osmena,10.5208,119.9258,81.21,85,68,15.95,PH,2021-12-12 04:43:53
204,Shahpur,16.7,76.8333,80.04,54,19,11.61,IN,2021-12-12 04:43:53
205,Chokurdakh,70.6333,147.9167,-45.29,99,94,2.06,RU,2021-12-12 04:43:54
206,Mayor Pablo Lagerenza,-19.9309,-60.7718,74.75,86,96,4.5,PY,2021-12-12 04:43:54
207,Vanimo,-2.6741,141.3028,84.31,73,100,7.9,PG,2021-12-12 04:43:54
208,Fort Saint James,54.4333,-124.25,21.2,89,100,2.77,CA,2021-12-12 04:43:55
209,Novobirilyussy,56.9514,90.6661,16.54,92,100,8.3,RU,2021-12-12 04:43:55
210,Makakilo City,21.3469,-158.0858,75.56,69,40,6.91,US,2021-12-12 04:43:55
211,Aksu,41.1231,80.2644,27.57,55,0,0.87,CN,2021-12-12 04:39:14
212,Gat,31.61,34.7642,63.91,41,79,0.96,IL,2021-12-12 04:43:03
213,Okha,53.5739,142.9478,26.73,90,99,9.6,RU,2021-12-12 04:43:56
214,Karla,59.3723,24.9275,33.51,88,90,3.44,EE,2021-12-12 04:43:56
215,Gaoyou,32.7858,119.4278,49.93,48,100,14.54,CN,2021-12-12 04:43:57
216,Doha,25.2867,51.5333,66.18,61,0,9.22,QA,2021-12-12 04:40:45
217,Lagoa,39.05,-27.9833,61.14,68,100,20.11,PT,2021-12-12 04:43:57
218,Airai,-8.9266,125.4092,71.58,76,69,0.51,TL,2021-12-12 04:43:58
219,Haines Junction,60.7522,-137.5108,3.15,66,100,3.44,CA,2021-12-12 04:43:58
220,Maine-Soroa,13.2114,12.0241,65.77,18,52,9.95,NE,2021-12-12 04:43:58
221,Lapua,62.9693,23.0088,29.1,97,99,5.26,FI,2021-12-12 04:43:59
222,Mogadishu,2.0371,45.3438,80.01,76,31,17.67,SO,2021-12-12 04:43:59
223,Oskaloosa,41.2964,-92.6444,35.4,69,1,11.5,US,2021-12-12 04:44:00
224,Manutuke,-38.6833,177.9167,59.99,97,100,8.41,NZ,2021-12-12 04:44:00
225,Parabel,58.6978,81.4825,3.24,92,93,9.91,RU,2021-12-12 04:44:01
226,Luderitz,-26.6481,15.1594,62.55,65,57,9.73,NA,2021-12-12 04:44:01
227,Mackenzie,55.2999,-123.1698,19.62,93,90,6.91,CA,2021-12-12 04:44:02
228,Geilo,60.5333,8.2076,27.46,88,100,1.95,NO,2021-12-12 04:45:02
229,Sandakan,5.8402,118.1179,80.28,88,40,5.01,MY,2021-12-12 04:45:02
230,Tahta,26.7693,31.5021,55.72,28,100,5.06,EG,2021-12-12 04:45:03
231,Tiarei,-17.5333,-149.3333,82.42,71,29,7.29,PF,2021-12-12 04:45:03
232,Ambon,-3.6954,128.1814,91.54,58,40,8.05,ID,2021-12-12 04:45:04
233,Cabedelo,-6.9811,-34.8339,79.47,75,6,9.82,BR,2021-12-12 04:45:04
234,Snasa,64.2457,12.3778,21.42,92,80,6.22,NO,2021-12-12 04:45:04
235,Fort Nelson,58.8053,-122.7002,-0.81,85,75,6.91,CA,2021-12-12 04:45:05
236,Craig,40.5153,-107.5464,20.16,67,75,0.0,US,2021-12-12 04:44:06
237,Castro,-24.7911,-50.0119,67.42,54,100,2.66,BR,2021-12-12 04:45:05
238,Sapulpa,35.9987,-96.1142,39.76,67,1,0.0,US,2021-12-12 04:45:06
239,Grindavik,63.8424,-22.4338,41.47,93,75,20.71,IS,2021-12-12 04:45:06
240,Teguise,29.0605,-13.564,57.42,82,40,9.22,ES,2021-12-12 04:45:07
241,Georgetown,5.4112,100.3354,89.55,55,20,11.99,MY,2021-12-12 04:45:07
242,Tateyama,34.9833,139.8667,66.15,61,7,25.97,JP,2021-12-12 04:45:07
243,Turiacu,-1.6633,-45.3717,75.96,86,59,5.46,BR,2021-12-12 04:45:07
244,Kondinskoye,59.6481,67.41,8.73,90,62,8.52,RU,2021-12-12 04:45:08
245,Forio,40.7342,13.8646,51.82,58,93,21.7,IT,2021-12-12 04:45:08
246,Basco,20.4487,121.9702,76.8,62,85,20.96,PH,2021-12-12 04:45:08
247,Roebourne,-20.7833,117.1333,101.62,26,41,10.31,AU,2021-12-12 04:45:09
248,Dawson Creek,55.7666,-120.2362,21.16,73,1,5.75,CA,2021-12-12 04:40:20
249,Pochutla,15.7432,-96.4661,77.85,85,33,3.74,MX,2021-12-12 04:45:09
250,Kouroussa,10.65,-9.8833,68.67,22,85,1.7,GN,2021-12-12 04:45:10
251,Maumere,-8.6199,122.2111,84.94,74,85,3.71,ID,2021-12-12 04:45:10
252,Fortuna,40.5982,-124.1573,48.65,72,75,7.0,US,2021-12-12 04:45:10
253,Aransas Pass,27.9095,-97.15,57.2,55,1,7.0,US,2021-12-12 04:45:11
254,Boende,-0.2167,20.8667,72.05,98,100,3.8,CD,2021-12-12 04:45:11
255,Bubaque,11.2833,-15.8333,80.89,75,97,6.62,GW,2021-12-12 04:45:11
256,Samarai,-10.6167,150.6667,85.86,72,60,22.39,PG,2021-12-12 04:45:12
257,Pacific Grove,36.6177,-121.9166,48.42,86,1,1.99,US,2021-12-12 04:45:12
258,Santa Rosa,14.3122,121.1114,86.11,68,69,15.17,PH,2021-12-12 04:45:13
259,Pangoa,-12.1167,-73.0,69.89,99,99,1.21,PE,2021-12-12 04:45:13
260,Narsaq,60.9167,-46.05,19.62,87,45,5.77,GL,2021-12-12 04:45:13
261,Ryotsu,38.0833,138.4333,53.56,83,100,17.49,JP,2021-12-12 04:45:14
262,Alangayam,12.6,78.75,75.47,76,79,8.68,IN,2021-12-12 04:45:14
263,Naco,31.3347,-109.9483,48.78,74,0,3.74,MX,2021-12-12 04:45:14
264,Quelimane,-17.8786,36.8883,80.55,74,0,7.0,MZ,2021-12-12 04:45:15
265,Samana,19.2056,-69.3369,74.57,86,15,8.86,DO,2021-12-12 04:45:15
266,Chornobay,49.6708,32.3239,38.01,93,84,11.81,UA,2021-12-12 04:45:15
267,Padang,-0.9492,100.3543,86.05,79,100,3.96,ID,2021-12-12 04:45:16
268,Searcy,35.2506,-91.7363,35.98,54,0,2.8,US,2021-12-12 04:45:16
269,Ampanihy,-24.7,44.75,88.39,38,3,9.57,MG,2021-12-12 04:45:16
270,Saint-Pierre,-21.3393,55.4781,82.08,66,0,5.75,RE,2021-12-12 04:45:17
271,Lugovoy,42.9472,72.7644,42.98,39,96,3.13,KZ,2021-12-12 04:46:17
272,Leningradskiy,69.3833,178.4167,-31.68,94,33,5.57,RU,2021-12-12 04:46:18
273,Roma,43.2128,-75.4557,42.66,65,100,1.99,US,2021-12-12 04:43:08
274,Longyearbyen,78.2186,15.6401,33.64,69,75,21.85,SJ,2021-12-12 04:46:18
275,Sheksna,59.21,38.5107,3.16,89,73,6.89,RU,2021-12-12 04:46:18
276,Yelatma,54.9675,41.7508,15.21,82,28,6.89,RU,2021-12-12 04:46:19
277,Castelnaudary,43.3183,1.9545,46.53,92,90,5.53,FR,2021-12-12 04:46:19
278,Vila Velha,-20.3297,-40.2925,76.95,89,75,8.99,BR,2021-12-12 04:46:20
279,Clyde River,70.4692,-68.5914,-1.97,78,26,8.05,CA,2021-12-12 04:46:20
280,Tasiilaq,65.6145,-37.6368,37.56,65,100,25.75,GL,2021-12-12 04:46:20
281,Wollongong,-34.4333,150.8833,73.22,62,21,15.75,AU,2021-12-12 04:46:21
282,Elatia,39.8112,22.5382,43.36,89,47,3.83,GR,2021-12-12 04:46:21
283,Baykit,61.67,96.37,-1.44,98,97,2.68,RU,2021-12-12 04:46:21
284,Tezu,27.9167,96.1667,75.24,33,1,4.09,IN,2021-12-12 04:46:22
285,Khunti,23.0833,85.2833,66.31,50,0,5.68,IN,2021-12-12 04:46:22
286,Tiznit,29.5833,-9.5,56.79,31,1,5.91,MA,2021-12-12 04:46:22
287,Ogulin,45.2661,15.2286,38.23,97,63,2.42,HR,2021-12-12 04:46:23
288,Tautira,-17.7333,-149.15,82.42,72,39,7.31,PF,2021-12-12 04:46:23
289,Te Anau,-45.4167,167.7167,66.94,36,17,1.81,NZ,2021-12-12 04:46:23
290,Geraldton,-28.7667,114.6,77.41,44,7,23.02,AU,2021-12-12 04:46:24
291,Muros,42.7762,-9.0603,52.84,96,96,4.0,ES,2021-12-12 04:46:24
292,Kigoma,-4.8769,29.6267,74.7,77,98,8.03,TZ,2021-12-12 04:46:25
293,Tabas,33.5959,56.9244,55.69,33,0,5.03,IR,2021-12-12 04:46:25
294,Kamenka,51.3223,42.7678,22.75,65,80,9.22,RU,2021-12-12 04:46:25
295,Izberbash,42.5696,47.8645,35.65,84,99,4.18,RU,2021-12-12 04:46:26
296,Muroto,33.2833,134.15,66.24,62,1,10.76,JP,2021-12-12 04:46:26
297,Seoul,37.5683,126.9778,43.99,36,75,17.27,KR,2021-12-12 04:46:26
298,Sayyan,15.1718,44.3244,44.56,54,0,4.63,YE,2021-12-12 04:46:27
299,Salvatierra,20.2167,-100.8833,49.15,45,95,4.25,MX,2021-12-12 04:46:27
300,Tilichiki,60.4667,166.1,-11.31,83,52,9.57,RU,2021-12-12 04:46:27
301,Sao Filipe,14.8961,-24.4956,74.59,68,80,4.63,CV,2021-12-12 04:46:28
302,Atikokan,48.7555,-91.6216,19.96,89,30,9.48,CA,2021-12-12 04:46:28
303,Thompson,55.7435,-97.8558,-5.64,77,90,0.0,CA,2021-12-12 04:46:28
304,Banjar,-8.19,114.9675,87.66,73,81,1.48,ID,2021-12-12 04:46:29
305,Matagami,49.7502,-77.6328,21.31,86,90,19.57,CA,2021-12-12 04:46:29
306,San Policarpo,12.1791,125.5072,81.45,87,85,13.18,PH,2021-12-12 04:46:29
307,Pangnirtung,66.1451,-65.7125,-10.97,80,5,5.28,CA,2021-12-12 04:46:30
308,Tefe,-3.3542,-64.7114,73.42,99,100,2.3,BR,2021-12-12 04:46:30
309,Rincon,32.296,-81.2354,67.96,89,90,9.22,US,2021-12-12 04:46:31
310,Srednekolymsk,67.45,153.6833,-50.17,100,77,2.17,RU,2021-12-12 04:46:31
311,Dubai,25.2582,55.3047,76.21,68,40,4.61,AE,2021-12-12 04:43:33
312,Lebu,-37.6167,-73.65,51.62,88,43,8.3,CL,2021-12-12 04:46:31
313,Kaa-Khem,51.6833,94.7333,0.81,94,83,1.28,RU,2021-12-12 04:46:32
314,Beziers,43.3476,3.219,47.89,81,0,5.75,FR,2021-12-12 04:46:32
315,Sumbe,-11.2061,13.8437,77.04,87,93,3.89,AO,2021-12-12 04:46:32
316,Vad,55.5301,44.2114,10.71,90,13,7.99,RU,2021-12-12 04:46:33
317,Ilhabela,-23.7781,-45.3581,72.54,79,83,5.93,BR,2021-12-12 04:46:33
318,Alyangula,-13.8483,136.4192,91.27,55,54,8.05,AU,2021-12-12 04:47:34
319,Portland,45.5234,-122.6762,46.98,93,75,1.01,US,2021-12-12 04:42:44
320,Khanpur,28.6453,70.6567,69.48,17,80,2.77,PK,2021-12-12 04:47:34
321,Umm Kaddadah,13.6017,26.6876,63.19,32,5,11.56,SD,2021-12-12 04:47:34
322,Ayna,-12.65,-73.9167,62.76,92,100,0.45,PE,2021-12-12 04:47:35
323,Bud,39.447,-86.1758,33.82,82,0,7.94,US,2021-12-12 04:47:35
324,Brainerd,46.358,-94.2008,28.65,80,1,11.5,US,2021-12-12 04:47:35
325,Yar-Sale,66.8333,70.8333,-3.01,99,94,0.78,RU,2021-12-12 04:47:36
326,Vitim,59.4511,112.5578,1.51,96,100,3.04,RU,2021-12-12 04:47:36
327,Gao,16.6362,1.637,66.81,13,35,11.32,ML,2021-12-12 04:47:36
328,Menges,46.1669,14.575,28.53,93,90,4.61,SI,2021-12-12 04:47:37
329,Formosa,-26.1775,-58.1781,75.69,54,86,4.85,AR,2021-12-12 04:47:37
330,Pacifica,37.6138,-122.4869,51.67,83,75,1.99,US,2021-12-12 04:47:37
331,Muli,2.9167,73.5667,79.7,83,100,19.91,MV,2021-12-12 04:47:38
332,Jacareacanga,-6.2222,-57.7528,74.05,100,100,0.4,BR,2021-12-12 04:47:38
333,Torbay,47.6666,-52.7314,37.76,96,90,16.11,CA,2021-12-12 04:47:38
334,Svencioneliai,55.1667,26.0,30.18,99,100,2.93,LT,2021-12-12 04:47:39
335,Broome,42.2506,-75.833,41.85,67,90,7.0,US,2021-12-12 04:47:39
336,San Cristobal,7.7669,-72.225,66.38,94,97,2.68,VE,2021-12-12 04:47:39
337,Sechura,-5.5569,-80.8222,68.65,78,97,10.22,PE,2021-12-12 04:47:40
338,Nadym,65.5333,72.5167,-11.34,100,67,3.02,RU,2021-12-12 04:47:40
339,Itarema,-2.9248,-39.9167,80.26,77,21,14.54,BR,2021-12-12 04:47:40
340,Ilulissat,69.2167,-51.1,19.42,58,95,4.61,GL,2021-12-12 04:47:41
341,Kawalu,-7.3817,108.2082,88.66,51,27,5.82,ID,2021-12-12 04:47:41
342,Port Hueneme,34.1478,-119.1951,57.69,60,1,5.75,US,2021-12-12 04:47:41
343,La Palma,33.8464,-118.0467,57.94,66,1,0.0,US,2021-12-12 04:46:38
344,Batagay-Alyta,67.8006,130.4114,-23.6,99,99,1.88,RU,2021-12-12 04:47:42
345,Pocatello,42.8713,-112.4455,33.71,41,90,18.99,US,2021-12-12 04:47:42
346,Arlit,18.7369,7.3853,64.15,10,61,4.99,NE,2021-12-12 04:47:43
347,Acapulco,16.8634,-99.8901,76.93,84,4,2.59,MX,2021-12-12 04:46:43
348,Santa Fe,-31.6333,-60.7,77.02,65,30,3.0,AR,2021-12-12 04:47:43
349,Prachuap Khiri Khan,12.2167,99.75,79.11,58,13,9.57,TH,2021-12-12 04:47:44
350,Northam,51.0333,-4.2167,54.43,97,100,17.16,GB,2021-12-12 04:47:44
351,Inongo,-1.95,18.2667,70.14,99,100,6.24,CD,2021-12-12 04:47:44
352,Roald,62.5833,6.1333,43.32,75,100,16.11,NO,2021-12-12 04:47:45
353,Nerchinskiy Zavod,51.3088,119.61,0.81,73,6,2.33,RU,2021-12-12 04:47:45
354,Buriti,-22.9302,-45.3881,66.2,86,77,3.0,BR,2021-12-12 04:47:45
355,Mbandaka,0.0487,18.2603,74.73,85,100,3.8,CD,2021-12-12 04:47:46
356,Whitehorse,60.7161,-135.0538,6.03,77,90,11.99,CA,2021-12-12 04:45:21
357,Pioner,55.3166,85.9508,13.44,72,20,6.71,RU,2021-12-12 04:47:46
358,Elliot,-31.3333,27.85,67.51,58,92,5.32,ZA,2021-12-12 04:47:46
359,Kaeo,-35.1,173.7833,74.32,91,91,4.5,NZ,2021-12-12 04:47:47
360,Canutama,-6.5339,-64.3831,73.69,99,100,2.95,BR,2021-12-12 04:47:47
361,Hurricane,37.1753,-113.2899,36.99,40,35,5.08,US,2021-12-12 04:47:47
362,Lavrentiya,65.5833,-171.0,-13.74,85,7,8.1,RU,2021-12-12 04:47:48
363,La Primavera,5.4906,-70.4092,76.42,68,65,4.81,CO,2021-12-12 04:47:48
364,Victor Harbor,-35.5667,138.6167,96.46,25,5,2.57,AU,2021-12-12 04:47:48
365,Juneau,58.3019,-134.4197,30.25,96,75,0.0,US,2021-12-12 04:47:37
366,Sola,-13.8833,167.55,78.48,86,100,10.87,VU,2021-12-12 04:48:49
367,Guaratinga,-16.5667,-39.5667,75.87,98,39,2.95,BR,2021-12-12 04:48:49
368,Tame,6.461,-71.73,73.02,62,49,5.44,CO,2021-12-12 04:48:50
369,Paita,-5.0892,-81.1144,67.8,83,71,10.09,PE,2021-12-12 04:48:50
370,Harrisburg,40.2737,-76.8844,45.14,58,100,5.99,US,2021-12-12 04:48:50
371,Bethel,41.3712,-73.414,58.03,66,100,17.02,US,2021-12-12 04:48:51
372,Sur,22.5667,59.5289,72.75,51,1,1.05,OM,2021-12-12 04:48:51
373,Faanui,-16.4833,-151.75,80.56,72,62,6.82,PF,2021-12-12 04:48:51
374,Xam Nua,20.4197,104.0439,68.76,54,91,4.45,LA,2021-12-12 04:48:52
375,Fairbanks,64.8378,-147.7164,-5.91,77,75,6.91,US,2021-12-12 04:48:52
376,Taltal,-25.4,-70.4833,61.81,79,0,2.77,CL,2021-12-12 04:48:10
377,Kirando,-7.4167,30.6,76.77,62,60,5.66,TZ,2021-12-12 04:48:52
378,Huasahuasi,-11.3167,-75.6167,41.76,82,84,2.71,PE,2021-12-12 04:48:53
379,Merrill,45.1805,-89.6835,21.97,86,1,4.61,US,2021-12-12 04:45:46
380,Cayenne,4.9333,-52.3333,78.84,89,90,5.99,GF,2021-12-12 04:48:53
381,Marapanim,-0.7175,-47.6997,75.43,92,29,3.74,BR,2021-12-12 04:48:54
382,Kirkwall,58.9848,-2.9587,44.94,87,87,10.36,GB,2021-12-12 04:48:54
383,Homer,59.6425,-151.5483,17.47,71,1,5.75,US,2021-12-12 04:48:54
384,Khasan,42.4308,130.6434,25.63,49,1,29.24,RU,2021-12-12 04:48:55
385,Khuzdar,27.7384,66.6434,58.24,10,91,2.42,PK,2021-12-12 04:48:55
386,Coquimbo,-29.9533,-71.3436,58.73,88,0,3.44,CL,2021-12-12 04:48:55
387,Svetlyy,54.675,20.1347,28.45,91,84,10.11,RU,2021-12-12 04:48:56
388,San Andres,12.5847,-81.7006,80.62,78,20,10.36,CO,2021-12-12 04:48:56
389,Mandeville,18.0417,-77.5071,71.65,92,4,3.65,JM,2021-12-12 04:48:56
390,Mwingi,-0.9344,38.0601,67.68,85,19,2.57,KE,2021-12-12 04:48:57
391,Vega De Alatorre,20.0333,-96.6333,73.26,93,90,18.21,MX,2021-12-12 04:48:57
392,Carbonia,39.1672,8.5222,45.0,81,5,4.9,IT,2021-12-12 04:48:57
393,Yulara,-25.2406,130.9889,102.04,10,1,14.97,AU,2021-12-12 04:48:58
394,Kulunda,52.566,78.9385,10.02,91,100,6.87,RU,2021-12-12 04:48:58
395,Dunedin,-45.8742,170.5036,59.81,52,18,8.01,NZ,2021-12-12 04:47:39
396,Vani,42.0832,42.5216,49.69,53,0,12.66,GE,2021-12-12 04:48:58
397,Bosanska Kostajnica,45.2159,16.5444,35.58,78,100,6.91,HR,2021-12-12 04:48:59
398,La Ronge,55.1001,-105.2842,8.85,92,75,2.3,CA,2021-12-12 04:48:59
399,Olafsvik,64.8945,-23.7142,40.91,91,99,20.71,IS,2021-12-12 04:48:59
400,Nyurba,63.2842,118.3319,-31.97,99,88,2.01,RU,2021-12-12 04:49:00
401,Flin Flon,54.7682,-101.865,9.79,97,100,3.42,CA,2021-12-12 04:49:00
402,Sai Buri,6.7013,101.6168,86.83,63,69,6.98,TH,2021-12-12 04:49:01
403,Lac-Megantic,45.5834,-70.8823,41.92,75,100,19.33,CA,2021-12-12 04:49:01
404,Shizuishan,39.2333,106.7694,27.32,31,0,6.82,CN,2021-12-12 04:49:01
405,Avera,33.194,-82.5271,62.47,77,100,9.26,US,2021-12-12 04:49:01
406,Barra,-11.0894,-43.1417,74.46,85,100,4.63,BR,2021-12-12 04:48:12
407,Mawlaik,23.6333,94.4167,76.77,42,30,3.15,MM,2021-12-12 04:49:02
408,Celestun,20.8667,-90.4,76.84,67,73,10.49,MX,2021-12-12 04:49:02
409,Morrope,-6.5417,-80.0111,67.78,79,100,12.71,PE,2021-12-12 04:49:03
410,Dali,25.7,100.1833,61.0,41,3,2.42,CN,2021-12-12 04:49:03
411,Lasa,46.6166,10.7002,31.08,84,33,8.57,IT,2021-12-12 04:49:03
412,Trincomalee,8.5711,81.2335,82.08,78,21,14.29,LK,2021-12-12 04:49:04
413,Jacmel,18.2342,-72.5347,80.44,80,0,5.86,HT,2021-12-12 04:50:04
414,Anadyr,64.75,177.4833,-28.7,75,0,11.18,RU,2021-12-12 04:50:05
415,Peniche,39.3558,-9.3811,52.09,85,36,5.91,PT,2021-12-12 04:50:05
416,Sungairaya,0.7,108.9,84.76,71,92,6.76,ID,2021-12-12 04:50:05
417,Talakan,50.3167,130.3667,12.45,91,100,9.86,RU,2021-12-12 04:50:06
418,Altay,47.8667,88.1167,18.99,63,0,4.16,CN,2021-12-12 04:50:06
419,Brae,60.3964,-1.353,46.31,74,68,19.24,GB,2021-12-12 04:50:06
420,Lipari,38.4674,14.954,54.32,65,79,19.1,IT,2021-12-12 04:50:07
421,Veraval,20.9,70.3667,79.92,48,0,6.8,IN,2021-12-12 04:50:07
422,Uvinza,-5.1036,30.3911,68.79,92,92,5.57,TZ,2021-12-12 04:50:07
423,Cervo,43.6702,-7.4101,41.2,83,39,5.66,ES,2021-12-12 04:50:08
424,Keetmanshoop,-26.5833,18.1333,68.85,25,0,3.4,NA,2021-12-12 04:50:08
425,Portobelo,9.55,-79.65,77.74,84,28,11.81,PA,2021-12-12 04:50:08
426,Lar,26.2039,83.9717,70.75,37,9,1.63,IN,2021-12-12 04:50:09
427,Ngunguru,-35.6167,174.5,74.16,93,81,7.36,NZ,2021-12-12 04:50:09
428,Botou,38.0667,116.5667,37.51,20,5,10.22,CN,2021-12-12 04:50:09
429,Kortkeros,61.8106,51.5806,-5.8,88,51,6.67,RU,2021-12-12 04:50:10
430,Newton Stewart,54.9578,-4.4832,48.15,96,93,1.77,GB,2021-12-12 04:50:10
431,Mayna,54.1135,47.6231,16.14,78,9,4.74,RU,2021-12-12 04:50:10
432,Kysyl-Syr,63.8986,122.7617,-31.95,100,94,2.84,RU,2021-12-12 04:50:11
433,Izazi,-7.2,35.7333,77.67,59,36,1.43,TZ,2021-12-12 04:50:11
434,Isangel,-19.55,169.2667,86.11,79,75,4.61,VU,2021-12-12 04:50:11
435,Moshi,-3.35,37.3333,69.37,73,39,2.93,TZ,2021-12-12 04:50:11
436,Aklavik,68.2191,-135.0107,-3.17,91,100,18.59,CA,2021-12-12 04:50:12
437,Los Aquijes,-14.0967,-75.6908,59.67,84,33,2.42,PE,2021-12-12 04:50:12
438,Samarinda,-0.5,117.15,89.89,56,100,5.21,ID,2021-12-12 04:50:13
439,Porangatu,-13.4408,-49.1486,71.53,97,100,0.85,BR,2021-12-12 04:50:13
440,Gunjur,13.2019,-16.7339,69.87,94,31,0.0,GM,2021-12-12 04:50:13
441,Bay Roberts,47.5999,-53.2648,38.52,93,100,1.99,CA,2021-12-12 04:50:14
442,Stephenville,32.2207,-98.2023,39.16,61,1,0.0,US,2021-12-12 04:50:14
443,College,64.8569,-147.8028,-7.01,77,90,4.61,US,2021-12-12 04:50:14
444,Boyolangu,-8.1181,111.8935,87.03,63,34,10.51,ID,2021-12-12 04:50:15
445,Tambopata,-12.7333,-69.1833,76.03,87,99,4.05,PE,2021-12-12 04:50:15
446,Gobabis,-22.45,18.9667,72.93,52,100,9.69,NA,2021-12-12 04:50:15
447,Nhulunbuy,-12.2333,136.7667,95.61,46,40,11.5,AU,2021-12-12 04:50:16
448,Moville,42.4889,-96.0725,29.89,85,66,8.3,US,2021-12-12 04:50:16
449,Acri,39.4929,16.3838,40.33,94,90,0.0,IT,2021-12-12 04:50:16
450,Lujan,-34.5703,-59.105,74.98,80,9,8.41,AR,2021-12-12 04:50:17
451,Walvis Bay,-22.9575,14.5053,58.08,100,4,9.22,NA,2021-12-12 04:50:17
452,Yuli,9.6989,10.2744,69.1,26,84,6.62,NG,2021-12-12 04:50:17
453,Mae Sai,20.4335,99.8762,79.45,52,0,2.86,TH,2021-12-12 04:50:18
454,Balotra,25.8333,72.2333,70.03,24,8,8.16,IN,2021-12-12 04:50:18
455,Marawi,7.9986,124.2928,75.65,81,99,5.39,PH,2021-12-12 04:50:18
456,Khromtau,50.2503,58.4347,9.25,84,17,21.68,KZ,2021-12-12 04:50:19
457,Puri,19.8,85.85,77.52,63,32,9.62,IN,2021-12-12 04:50:19
458,Cururupu,-1.8283,-44.8683,77.25,82,58,4.25,BR,2021-12-12 04:50:19
459,Tura,25.5198,90.2201,73.24,33,0,0.51,IN,2021-12-12 04:50:20
460,Bluefields,12.0137,-83.7635,74.8,91,2,3.71,NI,2021-12-12 04:50:20
461,Kaoma,-14.7833,24.8,71.22,45,77,6.98,ZM,2021-12-12 04:51:21
462,Kijang,35.2442,129.2139,55.13,46,50,14.41,KR,2021-12-12 04:51:21
463,Marrakesh,31.6315,-8.0083,44.67,70,0,4.61,MA,2021-12-12 04:48:17
464,Neryungri,56.6709,124.6491,-10.52,94,55,2.84,RU,2021-12-12 04:51:22
465,Bose,45.4612,8.0137,36.16,46,40,4.94,IT,2021-12-12 04:51:22
466,Panacan,9.2463,118.4082,83.59,78,100,11.34,PH,2021-12-12 04:51:22
467,Gryazi,52.4966,39.9359,25.72,78,29,9.24,RU,2021-12-12 04:51:23
468,Srandakan,-7.9386,110.2506,77.74,66,96,8.68,ID,2021-12-12 04:51:23
469,Souillac,-20.5167,57.5167,83.35,69,75,13.8,MU,2021-12-12 04:51:23
470,Sorland,67.667,12.6934,38.75,75,98,10.67,NO,2021-12-12 04:51:24
471,Port Macquarie,-31.4333,152.9167,74.89,64,47,19.57,AU,2021-12-12 04:51:24
472,Pio Xii,-3.8325,-45.1525,75.58,91,83,3.51,BR,2021-12-12 04:51:24
473,Evensk,61.95,159.2333,4.68,57,95,18.03,RU,2021-12-12 04:51:25
474,Ciudad Bolivar,8.1222,-63.5497,76.17,86,96,7.74,VE,2021-12-12 04:51:25
475,Bilibino,68.0546,166.4372,-40.41,98,17,3.74,RU,2021-12-12 04:51:25
476,Mazagao,-0.115,-51.2894,80.65,95,67,3.0,BR,2021-12-12 04:51:26
477,Trinidad,-14.8333,-64.9,73.26,99,89,3.89,BO,2021-12-12 04:51:26
478,Lompoc,34.6391,-120.4579,54.12,80,1,3.44,US,2021-12-12 04:51:27
479,Ambilobe,-13.2,49.05,83.88,46,97,3.83,MG,2021-12-12 04:51:27
480,Tela,15.7833,-87.45,77.22,89,1,2.68,HN,2021-12-12 04:51:27
481,Camacha,33.0833,-16.3333,61.54,82,40,8.05,PT,2021-12-12 04:51:27
482,Wanlaweyn,2.6185,44.8938,79.03,66,14,17.58,SO,2021-12-12 04:51:28
483,Ushtobe,45.2514,77.9838,35.46,43,100,6.89,KZ,2021-12-12 04:51:28
484,Saint-Esteve,42.7131,2.843,51.62,66,0,14.97,FR,2021-12-12 04:51:28
485,Shelburne,44.0787,-80.2041,33.69,75,83,20.27,CA,2021-12-12 04:51:29
486,Sarangani,5.4033,125.4636,83.71,76,91,14.32,PH,2021-12-12 04:51:29
487,Rundu,-17.9333,19.7667,69.15,79,96,2.95,NA,2021-12-12 04:51:30
488,Kupang,-10.1667,123.5833,77.58,100,75,6.91,ID,2021-12-12 04:51:30
489,Shubarkuduk,49.1447,56.4872,17.19,67,6,17.96,KZ,2021-12-12 04:51:30
490,Bilma,18.6853,12.9164,59.99,14,38,6.62,NE,2021-12-12 04:51:31
491,Oranjestad,12.524,-70.027,78.75,90,20,5.99,AW,2021-12-12 04:51:31
492,Zhigansk,66.7697,123.3711,-10.8,98,100,8.93,RU,2021-12-12 04:51:32
493,Ust-Kuyga,70.0167,135.6,-28.59,100,94,3.74,RU,2021-12-12 04:51:32
494,Tres Lagoas,-20.7511,-51.6783,73.65,50,45,4.09,BR,2021-12-12 04:51:32
495,Talaja,21.35,72.05,71.55,48,0,10.98,IN,2021-12-12 04:51:33
496,Port Moresby,-9.4431,147.1797,90.82,58,75,17.27,PG,2021-12-12 04:49:22
497,Intibuca,14.3167,-88.1667,56.75,91,14,2.98,HN,2021-12-12 04:51:33
498,Juan De Acosta,10.8281,-75.0334,78.39,83,99,10.58,CO,2021-12-12 04:51:33
499,Jizan,17.3333,42.6667,68.94,27,13,3.65,SA,2021-12-12 04:51:34
500,East London,-33.0153,27.9116,67.14,94,90,4.61,ZA,2021-12-12 04:48:21
501,Sokolo,14.7328,-6.1219,70.09,11,100,9.51,ML,2021-12-12 04:51:34
502,Christchurch,-43.5333,172.6333,60.91,60,90,7.0,NZ,2021-12-12 04:48:21
503,Villa Carlos Paz,-31.4241,-64.4978,70.25,88,2,1.99,AR,2021-12-12 04:52:35
504,Camacupa,-12.0167,17.4833,61.3,95,100,2.86,AO,2021-12-12 04:52:35
505,Zhucheng,35.9947,119.3975,40.15,29,72,17.65,CN,2021-12-12 04:52:36
506,Plaridel,14.8872,120.8572,89.64,65,95,14.81,PH,2021-12-12 04:52:36
507,Cap Malheureux,-19.9842,57.6142,83.46,61,24,10.0,MU,2021-12-12 04:52:36
508,Verkhnevilyuysk,63.4453,120.3167,-34.33,99,80,2.3,RU,2021-12-12 04:52:37
509,Znin,52.8496,17.7199,27.32,94,100,6.64,PL,2021-12-12 04:52:37
510,Nyandoma,61.669,40.1991,8.69,88,92,8.1,RU,2021-12-12 04:52:37
511,Adeje,28.1227,-16.726,66.56,63,75,1.01,ES,2021-12-12 04:52:38
512,Zyryanka,65.75,150.85,-47.33,98,69,1.01,RU,2021-12-12 04:52:38
513,Sao Gabriel Da Cachoeira,-0.1303,-67.0892,71.74,99,100,2.1,BR,2021-12-12 04:52:38
514,Mont-Dore,-22.2833,166.5833,86.0,99,99,10.11,NC,2021-12-12 04:52:39
515,Visnes,59.3556,5.2242,43.21,93,90,19.57,NO,2021-12-12 04:52:39
516,Koscierzyna,54.1223,17.9812,29.3,97,85,8.16,PL,2021-12-12 04:52:39
517,Mackay,-21.15,149.2,86.68,70,15,20.71,AU,2021-12-12 04:52:40
518,Rabaul,-4.1967,152.1721,84.56,74,64,12.68,PG,2021-12-12 04:52:40
519,Teya,60.3778,92.6267,8.56,93,100,1.97,RU,2021-12-12 04:52:41
520,Zaozerne,45.1582,33.2787,55.94,69,100,14.52,UA,2021-12-12 04:52:41
521,Ipilan,8.8431,117.9033,84.49,75,100,11.14,PH,2021-12-12 04:52:41
522,Goma,-1.6792,29.2228,66.49,82,75,6.91,CD,2021-12-12 04:52:42
523,Wajima,37.4,136.9,54.28,93,75,9.22,JP,2021-12-12 04:52:42
524,Berlevag,70.8578,29.0864,28.26,78,100,11.07,NO,2021-12-12 04:52:42
525,Machhlishahr,25.6833,82.4167,64.35,41,11,3.18,IN,2021-12-12 04:52:43
526,Omsukchan,62.5333,155.8,-15.38,96,97,2.21,RU,2021-12-12 04:52:43
527,Mbarara,-0.608,30.65,64.83,86,97,0.78,UG,2021-12-12 04:52:43
528,Omboue,-1.5746,9.2618,75.04,95,100,5.1,GA,2021-12-12 04:52:44
529,Hovd,48.0056,91.6419,11.05,56,0,1.72,MN,2021-12-12 04:52:44
530,Staryy Nadym,65.6118,72.6842,-13.52,100,70,2.62,RU,2021-12-12 04:52:44
531,Chase,50.8165,-119.6857,41.88,69,77,13.89,CA,2021-12-12 04:52:45
532,Husavik,66.0449,-17.3389,39.36,80,91,18.52,IS,2021-12-12 04:52:45
533,Nipawin,53.3668,-104.0009,21.24,93,1,13.8,CA,2021-12-12 04:52:45
534,Nurota,40.5614,65.6886,41.09,68,45,3.6,UZ,2021-12-12 04:52:46
535,Laguna,38.421,-121.4238,51.3,77,1,1.01,US,2021-12-12 04:52:46
536,Sangar,63.9242,127.4739,-10.86,95,100,5.88,RU,2021-12-12 04:52:46
537,Port Hedland,-20.3167,118.5667,91.45,70,3,17.27,AU,2021-12-12 04:52:47
538,Dyatkovo,53.5978,34.3382,31.86,93,99,8.3,RU,2021-12-12 04:52:47
